,count,mean,std,min,25%,50%,75%,max,dtypes,n_na
Severity,250962.0,2.518193989528295,1.3396131543296932,1.0,1.0,3.0,4.0,4.0,,
secu,213705.0,17.545672773215415,19.267687179223316,0.0,11.0,11.0,21.0,93.0,,
YoB,250962.0,1974.6564539651422,18.76551056972986,1897.0,1962.0,1978.0,1989.0,2021.0,,
secu1,37257.0,0.9126070268674343,0.28241384902386363,0.0,1.0,1.0,1.0,1.0,,
secu2,37257.0,1.191695520304909,3.1552967088810084,-1.0,-1.0,0.0,0.0,9.0,,
SecuA,213705.0,2.2095458693058188,2.5664705488037365,1.0,1.0,1.0,2.0,9.0,,
SecuB,213705.0,0.7795793266418661,0.41453130665346305,0.0,1.0,1.0,1.0,1.0,,
Security,250962.0,0.7993281851435675,0.4005037786741866,0.0,1.0,1.0,1.0,1.0,,
Num_Acc,250962.0,201226458471.4254,497378067.49253434,200500000014.0,200800024242.0,201200018589.0,201700005747.0,202100056515.0,,
num_occupants,37257.0,0.05083608449418901,0.8612970624608774,0.0,0.0,0.0,0.0,34.0,,
year,250962.0,2012.2642471768634,4.973833926549401,2005.0,2008.0,2012.0,2017.0,2021.0,,
month,250962.0,6.686510308333532,3.378523496087454,1.0,4.0,7.0,10.0,12.0,,
day,250962.0,15.631486041711494,8.77159859510604,1.0,8.0,16.0,23.0,31.0,,
hhmm,250962.0,1393.864114885919,534.396112821408,0.0,1015.0,1500.0,1810.0,2359.0,,
day_of_week,250962.0,2.9878826276488075,1.9425527604483872,0.0,1.0,3.0,5.0,6.0,,
is_weekend,250962.0,0.267598281811589,0.4427078295431943,0.0,0.0,0.0,1.0,1.0,,
Lanes,250962.0,2.1554817063937968,1.5268617722804605,-1.0,2.0,2.0,2.0,76.0,,
Landmark,250962.0,44.585327659167525,307.9266998495583,0.0,0.0,0.0,9.0,9645.0,,
Dist_to_Landmark,250962.0,156.29095241510666,297.35916882107796,0.0,0.0,0.0,200.0,8902.0,,
Gre_Verge,250962.0,4.453722077445988,21.229718924212335,0.0,0.0,0.0,0.0,915.0,,
Rd_Width,250962.0,47.928451319323244,63.166393335743926,-1.0,0.0,45.0,73.0,999.0,,
Age,250962.0,37.607793211721294,18.327593831109233,0.0,23.0,34.0,50.0,120.0,,
daylight_1,250962.0,0.6889050932013612,0.46294245834591735,0.0,0.0,1.0,1.0,1.0,,
daylight_2,250962.0,0.059618587674628035,0.23677929613126047,0.0,0.0,0.0,0.0,1.0,,
daylight_3,250962.0,0.08416015173611942,0.27762839862693084,0.0,0.0,0.0,0.0,1.0,,
daylight_4,250962.0,0.00814864401781943,0.08990147842871138,0.0,0.0,0.0,0.0,1.0,,
daylight_5,250962.0,0.15916752337007195,0.36583296209781513,0.0,0.0,0.0,0.0,1.0,,
built-up_area_0,250962.0,0.34796901522939727,0.476327076430419,0.0,0.0,0.0,1.0,1.0,,
built-up_area_1,250962.0,0.6520309847706027,0.476327076430419,0.0,0.0,1.0,1.0,1.0,,
intersection_category_0,250962.0,8.766267403033128e-05,0.00936244298050718,0.0,0.0,0.0,0.0,1.0,,
intersection_category_1,250962.0,0.695416039081614,0.4602319150988782,0.0,0.0,1.0,1.0,1.0,,
intersection_category_2,250962.0,0.12909922617766834,0.3353103994604335,0.0,0.0,0.0,0.0,1.0,,
intersection_category_3,250962.0,0.09288657246913876,0.29027399619687366,0.0,0.0,0.0,0.0,1.0,,
intersection_category_4,250962.0,0.015400737960328655,0.12314063363717462,0.0,0.0,0.0,0.0,1.0,,
intersection_category_5,250962.0,0.009025270758122744,0.09457193497086122,0.0,0.0,0.0,0.0,1.0,,
intersection_category_6,250962.0,0.02733083096245647,0.16304589099267883,0.0,0.0,0.0,0.0,1.0,,
intersection_category_7,250962.0,0.007710330647667774,0.08746949145449359,0.0,0.0,0.0,0.0,1.0,,
intersection_category_8,250962.0,0.001306970776452212,0.03612849021062548,0.0,0.0,0.0,0.0,1.0,,
intersection_category_9,250962.0,0.02173635849252078,0.14582171971918545,0.0,0.0,0.0,0.0,1.0,,
atmospheric_conditions_-1.0,250962.0,3.984667001378695e-06,0.001996163069836403,0.0,0.0,0.0,0.0,1.0,,
atmospheric_conditions_1.0,250962.0,0.806277444393972,0.3952148142966826,0.0,1.0,1.0,1.0,1.0,,
atmospheric_conditions_2.0,250962.0,0.10387229939193982,0.3050954206745639,0.0,0.0,0.0,0.0,1.0,,
atmospheric_conditions_3.0,250962.0,0.022182641196675193,0.1472774865899882,0.0,0.0,0.0,0.0,1.0,,
atmospheric_conditions_4.0,250962.0,0.006303743196181095,0.07914563145224904,0.0,0.0,0.0,0.0,1.0,,
atmospheric_conditions_5.0,250962.0,0.0070608299264430475,0.08373172961132103,0.0,0.0,0.0,0.0,1.0,,
atmospheric_conditions_6.0,250962.0,0.002390800200827217,0.04883742191221214,0.0,0.0,0.0,0.0,1.0,,
atmospheric_conditions_7.0,250962.0,0.011627258310023031,0.10720126382860597,0.0,0.0,0.0,0.0,1.0,,
atmospheric_conditions_8.0,250962.0,0.033204230122488666,0.1791698555549806,0.0,0.0,0.0,0.0,1.0,,
atmospheric_conditions_9.0,250962.0,0.007076768594448562,0.08382550888501852,0.0,0.0,0.0,0.0,1.0,,
collision_category_-1.0,250962.0,0.0015500354635363124,0.03934004347257672,0.0,0.0,0.0,0.0,1.0,,
collision_category_1.0,250962.0,0.11396546090643205,0.3177699434960346,0.0,0.0,0.0,0.0,1.0,,
collision_category_2.0,250962.0,0.1263737139487253,0.3322707304203341,0.0,0.0,0.0,0.0,1.0,,
collision_category_3.0,250962.0,0.3031335421298842,0.45961335870971076,0.0,0.0,0.0,1.0,1.0,,
collision_category_4.0,250962.0,0.05731545014783115,0.23244484209409744,0.0,0.0,0.0,0.0,1.0,,
collision_category_5.0,250962.0,0.05886150094436608,0.23536576936700293,0.0,0.0,0.0,0.0,1.0,,
collision_category_6.0,250962.0,0.27167858082100077,0.4448259412293953,0.0,0.0,0.0,1.0,1.0,,
collision_category_7.0,250962.0,0.06712171563822411,0.25023317213044793,0.0,0.0,0.0,0.0,1.0,,
department_1,250962.0,0.010244578860544624,0.10069591783043971,0.0,0.0,0.0,0.0,1.0,,
department_10,250962.0,0.0009842127493405377,0.03135678543027654,0.0,0.0,0.0,0.0,1.0,,
department_11,250962.0,0.005562595133924658,0.07437522915045292,0.0,0.0,0.0,0.0,1.0,,
department_12,250962.0,0.0030363162550505656,0.05501917030155604,0.0,0.0,0.0,0.0,1.0,,
department_13,250962.0,0.0600927630477921,0.2376591002642854,0.0,0.0,0.0,0.0,1.0,,
department_14,250962.0,0.007606729305631928,0.08688438901634607,0.0,0.0,0.0,0.0,1.0,,
department_15,250962.0,0.001450418788501845,0.03805681075597485,0.0,0.0,0.0,0.0,1.0,,
department_16,250962.0,0.0027215275619416487,0.05209732876628245,0.0,0.0,0.0,0.0,1.0,,
department_17,250962.0,0.011487794964974776,0.10656392814259923,0.0,0.0,0.0,0.0,1.0,,
department_18,250962.0,0.004156007682437978,0.06433313123211956,0.0,0.0,0.0,0.0,1.0,,
department_19,250962.0,0.003757540982300109,0.06118363167069662,0.0,0.0,0.0,0.0,1.0,,
department_2,250962.0,0.004546505048573091,0.06727445558628474,0.0,0.0,0.0,0.0,1.0,,
department_21,250962.0,0.0053872697858639955,0.07320019440571064,0.0,0.0,0.0,0.0,1.0,,
department_22,250962.0,0.00665439389230242,0.0813027630122885,0.0,0.0,0.0,0.0,1.0,,
department_23,250962.0,0.0009881974163419164,0.031420133926678265,0.0,0.0,0.0,0.0,1.0,,
department_24,250962.0,0.004052406340402132,0.0635295240449046,0.0,0.0,0.0,0.0,1.0,,
department_25,250962.0,0.005785736486001865,0.07584381754800638,0.0,0.0,0.0,0.0,1.0,,
department_26,250962.0,0.006849642575369976,0.08247879775227925,0.0,0.0,0.0,0.0,1.0,,
department_27,250962.0,0.006710179230321722,0.08164054926039285,0.0,0.0,0.0,0.0,1.0,,
department_28,250962.0,0.005415162454873646,0.07338841823693516,0.0,0.0,0.0,0.0,1.0,,
department_29,250962.0,0.009511400132290945,0.097061686258,0.0,0.0,0.0,0.0,1.0,,
department_2A,250962.0,0.0039488049983662865,0.0627154495324193,0.0,0.0,0.0,0.0,1.0,,
department_2B,250962.0,0.005263745108821256,0.07236061746697557,0.0,0.0,0.0,0.0,1.0,,
department_3,250962.0,0.014579896558044644,0.11986400804089624,0.0,0.0,0.0,0.0,1.0,,
department_30,250962.0,0.0011675074314039576,0.03414892391448129,0.0,0.0,0.0,0.0,1.0,,
department_31,250962.0,0.016751540073796034,0.12833936111095764,0.0,0.0,0.0,0.0,1.0,,
department_32,250962.0,0.0025382328798782285,0.050316998540324426,0.0,0.0,0.0,0.0,1.0,,
department_33,250962.0,0.027111674277380638,0.1624091638355711,0.0,0.0,0.0,0.0,1.0,,
department_34,250962.0,0.015906790669503748,0.12511525508661386,0.0,0.0,0.0,0.0,1.0,,
department_35,250962.0,0.012324575035264303,0.11033008832468853,0.0,0.0,0.0,0.0,1.0,,
department_36,250962.0,0.003223595604115364,0.0566852435744577,0.0,0.0,0.0,0.0,1.0,,
department_37,250962.0,0.009363967453239933,0.09631365702652403,0.0,0.0,0.0,0.0,1.0,,
department_38,250962.0,0.012252851029239486,0.11001257608287623,0.0,0.0,0.0,0.0,1.0,,
department_39,250962.0,0.0021198428447334657,0.04599301620944731,0.0,0.0,0.0,0.0,1.0,,
department_4,250962.0,0.005670181142961883,0.07508696727482235,0.0,0.0,0.0,0.0,1.0,,
department_40,250962.0,0.0004064360341406269,0.02015620159532184,0.0,0.0,0.0,0.0,1.0,,
department_41,250962.0,0.004757692399646162,0.0688118858219721,0.0,0.0,0.0,0.0,1.0,,
department_42,250962.0,0.010535459551645268,0.10210046611971327,0.0,0.0,0.0,0.0,1.0,,
department_43,250962.0,0.0025661255488878794,0.050592002801951086,0.0,0.0,0.0,0.0,1.0,,
department_44,250962.0,0.012746949737410444,0.11218072541619903,0.0,0.0,0.0,0.0,1.0,,
department_45,250962.0,0.007582821303623657,0.08674878737321462,0.0,0.0,0.0,0.0,1.0,,
department_46,250962.0,0.0016337134705652649,0.0403862718018915,0.0,0.0,0.0,0.0,1.0,,
department_47,250962.0,0.003394936285174648,0.058167208757279334,0.0,0.0,0.0,0.0,1.0,,
department_48,250962.0,0.0011316454283915494,0.03362096535141791,0.0,0.0,0.0,0.0,1.0,,
department_49,250962.0,0.011898215666116783,0.10842829416989772,0.0,0.0,0.0,0.0,1.0,,
department_5,250962.0,0.009288258780213738,0.09592717913107678,0.0,0.0,0.0,0.0,1.0,,
department_50,250962.0,0.0011954001004136085,0.034553956019677624,0.0,0.0,0.0,0.0,1.0,,
department_51,250962.0,0.0066304858902941485,0.081157555362125,0.0,0.0,0.0,0.0,1.0,,
department_52,250962.0,0.002725512228943027,0.05213534926261585,0.0,0.0,0.0,0.0,1.0,,
department_53,250962.0,0.0020720268407169212,0.045472428841559887,0.0,0.0,0.0,0.0,1.0,,
department_54,250962.0,0.01080641690773902,0.10339091283170736,0.0,0.0,0.0,0.0,1.0,,
department_55,250962.0,0.0018887321586535013,0.04341857161711415,0.0,0.0,0.0,0.0,1.0,,
department_56,250962.0,0.009300212781217874,0.09598830937770282,0.0,0.0,0.0,0.0,1.0,,
department_57,250962.0,0.009104964098150318,0.09498473391542758,0.0,0.0,0.0,0.0,1.0,,
department_58,250962.0,0.002988500251034021,0.05458553828553531,0.0,0.0,0.0,0.0,1.0,,
department_59,250962.0,0.025290681457750576,0.15700688238361213,0.0,0.0,0.0,0.0,1.0,,
department_6,250962.0,0.035682692997346215,0.185498182008621,0.0,0.0,0.0,0.0,1.0,,
department_60,250962.0,0.0012113387684191232,0.034783275403003786,0.0,0.0,0.0,0.0,1.0,,
department_61,250962.0,0.0027773128999609505,0.05262708873757034,0.0,0.0,0.0,0.0,1.0,,
department_62,250962.0,0.012025725010160901,0.10900070775267623,0.0,0.0,0.0,0.0,1.0,,
department_63,250962.0,0.009375921454244068,0.0963745327403277,0.0,0.0,0.0,0.0,1.0,,
department_64,250962.0,0.012527793052334616,0.11122453302880861,0.0,0.0,0.0,0.0,1.0,,
department_65,250962.0,0.003442752289191192,0.05857399949562892,0.0,0.0,0.0,0.0,1.0,,
department_66,250962.0,0.004662060391613073,0.06812007101246983,0.0,0.0,0.0,0.0,1.0,,
department_67,250962.0,0.013388481124632414,0.11493164199818602,0.0,0.0,0.0,0.0,1.0,,
department_68,250962.0,0.0069213665813947925,0.08290650550230766,0.0,0.0,0.0,0.0,1.0,,
department_69,250962.0,0.034507216231939496,0.18252835674333548,0.0,0.0,0.0,0.0,1.0,,
department_7,250962.0,0.00488520174369028,0.06972342446049416,0.0,0.0,0.0,0.0,1.0,,
department_70,250962.0,0.0003187733601102956,0.01785141488680997,0.0,0.0,0.0,0.0,1.0,,
department_71,250962.0,0.006674317227309314,0.08142356621023439,0.0,0.0,0.0,0.0,1.0,,
department_72,250962.0,0.006259911859165929,0.07887173226384246,0.0,0.0,0.0,0.0,1.0,,
department_73,250962.0,0.003251488273125015,0.0569291578293376,0.0,0.0,0.0,0.0,1.0,,
department_74,250962.0,0.007538989966608491,0.0864996150910581,0.0,0.0,0.0,0.0,1.0,,
department_75,250962.0,0.09273913979008774,0.29006710776420047,0.0,0.0,0.0,0.0,1.0,,
department_76,250962.0,0.012862505080450427,0.11268146092977127,0.0,0.0,0.0,0.0,1.0,,
department_77,250962.0,0.015464492632350715,0.12339125888058144,0.0,0.0,0.0,0.0,1.0,,
department_78,250962.0,0.016926865421856695,0.12899772461307774,0.0,0.0,0.0,0.0,1.0,,
department_79,250962.0,0.0031239789290808968,0.05580530524877912,0.0,0.0,0.0,0.0,1.0,,
department_8,250962.0,0.00928028944621098,0.0958864031541494,0.0,0.0,0.0,0.0,1.0,,
department_80,250962.0,0.001267124106438425,0.03557419775099953,0.0,0.0,0.0,0.0,1.0,,
department_81,250962.0,0.00286896024099266,0.05348589260008062,0.0,0.0,0.0,0.0,1.0,,
department_82,250962.0,0.003044285589053323,0.05509110643188723,0.0,0.0,0.0,0.0,1.0,,
department_83,250962.0,0.016086100684565792,0.12580699947242502,0.0,0.0,0.0,0.0,1.0,,
department_84,250962.0,0.00567815047696464,0.07513941429957284,0.0,0.0,0.0,0.0,1.0,,
department_85,250962.0,0.005160143766785409,0.07164870646792973,0.0,0.0,0.0,0.0,1.0,,
department_86,250962.0,0.00540320845386951,0.07330781135741467,0.0,0.0,0.0,0.0,1.0,,
department_87,250962.0,0.007287955945521633,0.08505804178446265,0.0,0.0,0.0,0.0,1.0,,
department_88,250962.0,0.0034905682932077366,0.05897794576327885,0.0,0.0,0.0,0.0,1.0,,
department_89,250962.0,0.004279532359480719,0.06527813525114773,0.0,0.0,0.0,0.0,1.0,,
department_9,250962.0,0.003904973661351121,0.06236778288006764,0.0,0.0,0.0,0.0,1.0,,
department_90,250962.0,0.00013149401104549694,0.011466352700994012,0.0,0.0,0.0,0.0,1.0,,
department_91,250962.0,0.02219857986468071,0.14732918722172253,0.0,0.0,0.0,0.0,1.0,,
department_92,250962.0,0.036073190363481326,0.18647266248846484,0.0,0.0,0.0,0.0,1.0,,
department_93,250962.0,0.04267578358476582,0.2021255151450754,0.0,0.0,0.0,0.0,1.0,,
department_94,250962.0,0.03722475912687977,0.18931249098297717,0.0,0.0,0.0,0.0,1.0,,
department_95,250962.0,0.01483491524613288,0.12089209556988327,0.0,0.0,0.0,0.0,1.0,,
department_971,250962.0,0.006793857237350674,0.08214455324996774,0.0,0.0,0.0,0.0,1.0,,
department_972,250962.0,0.007666499310652609,0.08722244214272111,0.0,0.0,0.0,0.0,1.0,,
department_973,250962.0,0.007144507933472,0.08422287222046557,0.0,0.0,0.0,0.0,1.0,,
department_974,250962.0,0.010858217578756943,0.10363570565459254,0.0,0.0,0.0,0.0,1.0,,
department_975,250962.0,7.96933400275739e-06,0.002822995261683704,0.0,0.0,0.0,0.0,1.0,,
department_976,250962.0,0.0014464341215004663,0.038004574791428256,0.0,0.0,0.0,0.0,1.0,,
department_977,250962.0,2.390800200827217e-05,0.004889532255670352,0.0,0.0,0.0,0.0,1.0,,
department_978,250962.0,6.77393390234378e-05,0.00823012881472014,0.0,0.0,0.0,0.0,1.0,,
department_986,250962.0,1.1954001004136084e-05,0.003457442080256705,0.0,0.0,0.0,0.0,1.0,,
department_987,250962.0,0.00033869669511718905,0.018400633924072377,0.0,0.0,0.0,0.0,1.0,,
department_988,250962.0,0.0010121054183501884,0.03179756421189723,0.0,0.0,0.0,0.0,1.0,,
Rd_Cat_1,250962.0,0.0912528589985735,0.28796893088677933,0.0,0.0,0.0,0.0,1.0,,
Rd_Cat_2,250962.0,0.08534359783552889,0.27939287605204516,0.0,0.0,0.0,0.0,1.0,,
Rd_Cat_3,250962.0,0.3300499677241973,0.4702317169338156,0.0,0.0,0.0,1.0,1.0,,
Rd_Cat_4,250962.0,0.4654967684350619,0.49880910019629615,0.0,0.0,0.0,1.0,1.0,,
Rd_Cat_5,250962.0,0.0014583881225046023,0.038161066931205107,0.0,0.0,0.0,0.0,1.0,,
Rd_Cat_6,250962.0,0.006459145209234864,0.08010898965661108,0.0,0.0,0.0,0.0,1.0,,
Rd_Cat_7,250962.0,0.004713861062630996,0.06849568797532504,0.0,0.0,0.0,0.0,1.0,,
Rd_Cat_9,250962.0,0.015225412612267992,0.12244859806381247,0.0,0.0,0.0,0.0,1.0,,
Traf_Direct_-1,250962.0,0.007770100652688455,0.08780522142418119,0.0,0.0,0.0,0.0,1.0,,
Traf_Direct_0,250962.0,0.04285110893282648,0.20252173914765065,0.0,0.0,0.0,0.0,1.0,,
Traf_Direct_1,250962.0,0.1724205258166575,0.3777462861166095,0.0,0.0,0.0,0.0,1.0,,
Traf_Direct_2,250962.0,0.6277205313951914,0.48341327767302195,0.0,0.0,1.0,1.0,1.0,,
Traf_Direct_3,250962.0,0.14340816537961923,0.35048930507154585,0.0,0.0,0.0,0.0,1.0,,
Traf_Direct_4,250962.0,0.00582956782301703,0.07612888450238885,0.0,0.0,0.0,0.0,1.0,,
Add_Lanes_-1,250962.0,0.001043982754361218,0.03229391598996807,0.0,0.0,0.0,0.0,1.0,,
Add_Lanes_0,250962.0,0.9326073270056822,0.2507013184287359,0.0,1.0,1.0,1.0,1.0,,
Add_Lanes_1,250962.0,0.02289589658992198,0.14957193471134206,0.0,0.0,0.0,0.0,1.0,,
Add_Lanes_2,250962.0,0.014101736517879201,0.11791069902098639,0.0,0.0,0.0,0.0,1.0,,
Add_Lanes_3,250962.0,0.029351057132155467,0.1687888802596086,0.0,0.0,0.0,0.0,1.0,,
Rd_Prof_-1,250962.0,2.390800200827217e-05,0.0048895322556703515,0.0,0.0,0.0,0.0,1.0,,
Rd_Prof_0,250962.0,0.059570771670611485,0.2366903421423474,0.0,0.0,0.0,0.0,1.0,,
Rd_Prof_1,250962.0,0.766494529052207,0.4230619093778566,0.0,1.0,1.0,1.0,1.0,,
Rd_Prof_2,250962.0,0.14104525784780167,0.3480689239744466,0.0,0.0,0.0,0.0,1.0,,
Rd_Prof_3,250962.0,0.01908257026960257,0.1368155706361633,0.0,0.0,0.0,0.0,1.0,,
Rd_Prof_4,250962.0,0.013782963157768906,0.116589224408293,0.0,0.0,0.0,0.0,1.0,,
Rd_Plan_-1,250962.0,1.9923335006893475e-05,0.004463520746474233,0.0,0.0,0.0,0.0,1.0,,
Rd_Plan_0,250962.0,0.058092460213099995,0.23391867029434923,0.0,0.0,0.0,0.0,1.0,,
Rd_Plan_1,250962.0,0.7788549660904838,0.4150187877772368,0.0,1.0,1.0,1.0,1.0,,
Rd_Plan_2,250962.0,0.07649365242546681,0.26578686019353015,0.0,0.0,0.0,0.0,1.0,,
Rd_Plan_3,250962.0,0.07417457623066441,0.2620553035346384,0.0,0.0,0.0,0.0,1.0,,
Rd_Plan_4,250962.0,0.01236442170527809,0.11050606969889748,0.0,0.0,0.0,0.0,1.0,,
Rd_Cond_-1,250962.0,2.7892669009650863e-05,0.005281287925213598,0.0,0.0,0.0,0.0,1.0,,
Rd_Cond_0,250962.0,0.026151369530048374,0.15958564121362687,0.0,0.0,0.0,0.0,1.0,,
Rd_Cond_1,250962.0,0.7842462205433491,0.4113450623642475,0.0,1.0,1.0,1.0,1.0,,
Rd_Cond_2,250962.0,0.17216949179557064,0.3775284437177568,0.0,0.0,0.0,0.0,1.0,,
Rd_Cond_3,250962.0,0.0012472007714315315,0.035293770345042746,0.0,0.0,0.0,0.0,1.0,,
Rd_Cond_4,250962.0,0.0004861293741682008,0.02204302584786168,0.0,0.0,0.0,0.0,1.0,,
Rd_Cond_5,250962.0,0.0032196109371139853,0.056650311829251,0.0,0.0,0.0,0.0,1.0,,
Rd_Cond_6,250962.0,0.00040245136713924816,0.020057193298964358,0.0,0.0,0.0,0.0,1.0,,
Rd_Cond_7,250962.0,0.005833552490018409,0.07615474551609536,0.0,0.0,0.0,0.0,1.0,,
Rd_Cond_8,250962.0,0.0019485021636741818,0.0440989030705647,0.0,0.0,0.0,0.0,1.0,,
Rd_Cond_9,250962.0,0.004267578358476582,0.06518729221103851,0.0,0.0,0.0,0.0,1.0,,
Envinmt_-1,250962.0,0.0011914154334122296,0.03449638683157694,0.0,0.0,0.0,0.0,1.0,,
Envinmt_0,250962.0,0.8784118711199305,0.3268101610681643,0.0,1.0,1.0,1.0,1.0,,
Envinmt_1,250962.0,0.00961898614132817,0.09760378684696681,0.0,0.0,0.0,0.0,1.0,,
Envinmt_2,250962.0,0.015117826603230768,0.12202187201922542,0.0,0.0,0.0,0.0,1.0,,
Envinmt_3,250962.0,0.015532231971374152,0.12365695561137963,0.0,0.0,0.0,0.0,1.0,,
Envinmt_4,250962.0,0.0033750129501677545,0.05799685888668367,0.0,0.0,0.0,0.0,1.0,,
Envinmt_5,250962.0,0.06292984595277373,0.24283721999852065,0.0,0.0,0.0,0.0,1.0,,
Envinmt_6,250962.0,0.006407344538216941,0.07978919627264194,0.0,0.0,0.0,0.0,1.0,,
Envinmt_7,250962.0,0.0008168567352826324,0.02856908701048923,0.0,0.0,0.0,0.0,1.0,,
Envinmt_8,250962.0,0.0012113387684191232,0.034783275403003786,0.0,0.0,0.0,0.0,1.0,,
Envinmt_9,250962.0,0.0053872697858639955,0.07320019440571064,0.0,0.0,0.0,0.0,1.0,,
Pos_Acc_-1,250962.0,9.961667503446737e-05,0.009980338093162976,0.0,0.0,0.0,0.0,1.0,,
Pos_Acc_0,250962.0,0.04423777304930627,0.20562334731370915,0.0,0.0,0.0,0.0,1.0,,
Pos_Acc_1,250962.0,0.8603852376056933,0.3465875923426565,0.0,1.0,1.0,1.0,1.0,,
Pos_Acc_2,250962.0,0.006949259250404444,0.08307222486752326,0.0,0.0,0.0,0.0,1.0,,
Pos_Acc_3,250962.0,0.0625991185916593,0.2422410014144315,0.0,0.0,0.0,0.0,1.0,,
Pos_Acc_4,250962.0,0.013751085821757875,0.1164562042173953,0.0,0.0,0.0,0.0,1.0,,
Pos_Acc_5,250962.0,0.007005044588423746,0.08340264777624391,0.0,0.0,0.0,0.0,1.0,,
Pos_Acc_6,250962.0,0.001593866800551478,0.039891512005746234,0.0,0.0,0.0,0.0,1.0,,
Pos_Acc_8,250962.0,0.003378997617169133,0.05803096941298361,0.0,0.0,0.0,0.0,1.0,,
place_0,250962.0,0.02417895936436592,0.15360478932759258,0.0,0.0,0.0,0.0,1.0,,
place_1,250962.0,0.7945864314119269,0.40400431285232735,0.0,1.0,1.0,1.0,1.0,,
place_2,250962.0,0.1060080809046788,0.3078485753052097,0.0,0.0,0.0,0.0,1.0,,
place_3,250962.0,0.022907850590926118,0.1496100603626289,0.0,0.0,0.0,0.0,1.0,,
place_4,250962.0,0.019827702998860386,0.1394081871097553,0.0,0.0,0.0,0.0,1.0,,
place_5,250962.0,0.010543428885648026,0.10213866340543633,0.0,0.0,0.0,0.0,1.0,,
place_6,250962.0,0.0010360134203584606,0.0321705489611132,0.0,0.0,0.0,0.0,1.0,,
place_7,250962.0,0.003275396275133287,0.05713738761127457,0.0,0.0,0.0,0.0,1.0,,
place_8,250962.0,0.00296060758202437,0.054330968580777614,0.0,0.0,0.0,0.0,1.0,,
place_9,250962.0,0.003040300922051944,0.05505515026006387,0.0,0.0,0.0,0.0,1.0,,
place_10,250962.0,0.011635227644025789,0.1072375631248183,0.0,0.0,0.0,0.0,1.0,,
User_category_1,250962.0,0.745049051250787,0.4358345091608021,0.0,0.0,1.0,1.0,1.0,,
User_category_2,250962.0,0.17112550904120943,0.37661934946344533,0.0,0.0,0.0,0.0,1.0,,
User_category_3,250962.0,0.08242682159051969,0.2750144397028867,0.0,0.0,0.0,0.0,1.0,,
User_category_4,250962.0,0.0013986181174839218,0.03737201560125525,0.0,0.0,0.0,0.0,1.0,,
Sex_1,250962.0,0.6737553892621194,0.4688389281744703,0.0,0.0,1.0,1.0,1.0,,
Sex_2,250962.0,0.32624461073788064,0.4688389281744703,0.0,0.0,0.0,1.0,1.0,,
Trajectory_0,250962.0,0.2802416302069636,0.4491180943152742,0.0,0.0,0.0,1.0,1.0,,
Trajectory_1,250962.0,0.13169722906256723,0.3381619797974409,0.0,0.0,0.0,0.0,1.0,,
Trajectory_2,250962.0,0.020867701086220224,0.14294167185811782,0.0,0.0,0.0,0.0,1.0,,
Trajectory_3,250962.0,0.026605621568205545,0.16092813819697815,0.0,0.0,0.0,0.0,1.0,,
Trajectory_4,250962.0,0.09820610291597931,0.29759371155349157,0.0,0.0,0.0,0.0,1.0,,
Trajectory_5,250962.0,0.3707852184792917,0.483016014100131,0.0,0.0,0.0,1.0,1.0,,
Trajectory_9,250962.0,0.07159649668077239,0.2578191288625229,0.0,0.0,0.0,0.0,1.0,,
LOCP_0,250962.0,0.9240124002837082,0.26497879949935155,0.0,1.0,1.0,1.0,1.0,,
LOCP_1,250962.0,0.012041663678166416,0.10907203774778297,0.0,0.0,0.0,0.0,1.0,,
LOCP_2,250962.0,0.0194690829687363,0.13816697812733497,0.0,0.0,0.0,0.0,1.0,,
LOCP_3,250962.0,0.016568245391732614,0.12764718391626714,0.0,0.0,0.0,0.0,1.0,,
LOCP_4,250962.0,0.019321650289685292,0.1376531860249922,0.0,0.0,0.0,0.0,1.0,,
LOCP_5,250962.0,0.005259760441819877,0.07233336858017436,0.0,0.0,0.0,0.0,1.0,,
LOCP_6,250962.0,0.001749268813605247,0.04178774737062997,0.0,0.0,0.0,0.0,1.0,,
LOCP_7,250962.0,0.00011157067603860345,0.010562133901206371,0.0,0.0,0.0,0.0,1.0,,
LOCP_8,250962.0,0.0009085040763143424,0.030127766486572238,0.0,0.0,0.0,0.0,1.0,,
LOCP_9,250962.0,0.0005578533801930172,0.023612378140034997,0.0,0.0,0.0,0.0,1.0,,
ACTP_0,250962.0,0.9205497246595102,0.27044078930565196,0.0,1.0,1.0,1.0,1.0,,
ACTP_1,250962.0,0.004681983726619966,0.06826478831634876,0.0,0.0,0.0,0.0,1.0,,
ACTP_2,250962.0,0.0020720268407169212,0.045472428841559887,0.0,0.0,0.0,0.0,1.0,,
ACTP_3,250962.0,0.06048326041392721,0.23838049847538886,0.0,0.0,0.0,0.0,1.0,,
ACTP_4,250962.0,0.0015500354635363124,0.03934004347257672,0.0,0.0,0.0,0.0,1.0,,
ACTP_5,250962.0,0.004562443716578606,0.06739173481116426,0.0,0.0,0.0,0.0,1.0,,
ACTP_6,250962.0,0.0002111873510730708,0.014530780856950615,0.0,0.0,0.0,0.0,1.0,,
ACTP_7,250962.0,1.1954001004136084e-05,0.0034574420802567043,0.0,0.0,0.0,0.0,1.0,,
ACTP_8,250962.0,0.00012750934404411824,0.011291306099420662,0.0,0.0,0.0,0.0,1.0,,
ACTP_9,250962.0,0.005749874482989457,0.07560976263755828,0.0,0.0,0.0,0.0,1.0,,
StateP_0,250962.0,0.9206891880045585,0.2702237925498571,0.0,1.0,1.0,1.0,1.0,,
StateP_1,250962.0,0.06010870171579761,0.2376886005071993,0.0,0.0,0.0,0.0,1.0,,
StateP_2,250962.0,0.015910775336505128,0.1251306715212419,0.0,0.0,0.0,0.0,1.0,,
StateP_3,250962.0,0.003291334943138802,0.05727578134946094,0.0,0.0,0.0,0.0,1.0,,
direction_-1.0,250962.0,0.0005020680421737155,0.02240129392316987,0.0,0.0,0.0,0.0,1.0,,
direction_0.0,250962.0,0.009838142826403997,0.09869849334380368,0.0,0.0,0.0,0.0,1.0,,
direction_1.0,250962.0,0.06642041424598147,0.24901604346417025,0.0,0.0,0.0,0.0,1.0,,
direction_2.0,250962.0,0.05032634422741292,0.2186179172585579,0.0,0.0,0.0,0.0,1.0,,
direction_3.0,250962.0,0.02136976912839394,0.14461391851365119,0.0,0.0,0.0,0.0,1.0,,
cat_veh_-1.0,250962.0,3.984667001378695e-06,0.0019961630698364027,0.0,0.0,0.0,0.0,1.0,,
cat_veh_0.0,250962.0,0.0002629880220909939,0.016214805180436432,0.0,0.0,0.0,0.0,1.0,,
cat_veh_1.0,250962.0,0.0068217499063603255,0.08231184988598648,0.0,0.0,0.0,0.0,1.0,,
cat_veh_2.0,250962.0,0.0050485730907468065,0.07087386694611064,0.0,0.0,0.0,0.0,1.0,,
cat_veh_3.0,250962.0,0.0009603047473322654,0.030973963016698178,0.0,0.0,0.0,0.0,1.0,,
cat_veh_7.0,250962.0,0.09397837122751651,0.2917992053630188,0.0,0.0,0.0,0.0,1.0,,
cat_veh_10.0,250962.0,0.010152931519512914,0.10024913738549691,0.0,0.0,0.0,0.0,1.0,,
cat_veh_13.0,250962.0,0.00048214470716682206,0.02195254344980644,0.0,0.0,0.0,0.0,1.0,,
cat_veh_14.0,250962.0,0.0010639060893681115,0.032600282637106834,0.0,0.0,0.0,0.0,1.0,,
cat_veh_15.0,250962.0,0.0012551701054342888,0.035406209181693904,0.0,0.0,0.0,0.0,1.0,,
cat_veh_16.0,250962.0,6.77393390234378e-05,0.008230128814720138,0.0,0.0,0.0,0.0,1.0,,
cat_veh_17.0,250962.0,0.0008925654083088276,0.02986255663395768,0.0,0.0,0.0,0.0,1.0,,
cat_veh_20.0,250962.0,0.0002311106860799643,0.015200598495477327,0.0,0.0,0.0,0.0,1.0,,
cat_veh_21.0,250962.0,0.00032275802711167426,0.01796260393264013,0.0,0.0,0.0,0.0,1.0,,
cat_veh_30.0,250962.0,0.004263593691475203,0.06515698256475293,0.0,0.0,0.0,0.0,1.0,,
cat_veh_31.0,250962.0,0.0023429841968106726,0.0483477397200631,0.0,0.0,0.0,0.0,1.0,,
cat_veh_32.0,250962.0,0.0031239789290808968,0.05580530524877911,0.0,0.0,0.0,0.0,1.0,,
cat_veh_33.0,250962.0,0.009933774834437087,0.09917224481532247,0.0,0.0,0.0,0.0,1.0,,
cat_veh_34.0,250962.0,0.0015699587985432057,0.03959166924847573,0.0,0.0,0.0,0.0,1.0,,
cat_veh_35.0,250962.0,5.9770005020680424e-05,0.007730890680734067,0.0,0.0,0.0,0.0,1.0,,
cat_veh_36.0,250962.0,0.0002390800200827217,0.015460394990329971,0.0,0.0,0.0,0.0,1.0,,
cat_veh_37.0,250962.0,0.001330878778460484,0.03645699982458222,0.0,0.0,0.0,0.0,1.0,,
cat_veh_38.0,250962.0,0.00037057403112821863,0.0192467706924687,0.0,0.0,0.0,0.0,1.0,,
cat_veh_39.0,250962.0,2.390800200827217e-05,0.004889532255670352,0.0,0.0,0.0,0.0,1.0,,
cat_veh_40.0,250962.0,0.0001554020130537691,0.012465090549194553,0.0,0.0,0.0,0.0,1.0,,
cat_veh_41.0,250962.0,2.7892669009650863e-05,0.005281287925213598,0.0,0.0,0.0,0.0,1.0,,
cat_veh_42.0,250962.0,3.187733601102956e-05,0.005645923030249735,0.0,0.0,0.0,0.0,1.0,,
cat_veh_43.0,250962.0,0.0006176233852136977,0.024844403516306693,0.0,0.0,0.0,0.0,1.0,,
cat_veh_50.0,250962.0,0.0014663574565073596,0.03826503739340488,0.0,0.0,0.0,0.0,1.0,,
cat_veh_60.0,250962.0,0.0002271260190785856,0.01506901913429165,0.0,0.0,0.0,0.0,1.0,,
cat_veh_80.0,250962.0,0.000470190706162686,0.021678826064675416,0.0,0.0,0.0,0.0,1.0,,
cat_veh_99.0,250962.0,0.0006574700552274846,0.02563279942653923,0.0,0.0,0.0,0.0,1.0,,
obstacle_-1.0,250962.0,3.187733601102956e-05,0.005645923030249735,0.0,0.0,0.0,0.0,1.0,,
obstacle_0.0,250962.0,0.12468819980714212,0.33036568757738777,0.0,0.0,0.0,0.0,1.0,,
obstacle_1.0,250962.0,0.003522445629218766,0.059245691762324026,0.0,0.0,0.0,0.0,1.0,,
obstacle_2.0,250962.0,0.002522294211872714,0.050159169340945074,0.0,0.0,0.0,0.0,1.0,,
obstacle_3.0,250962.0,0.0021118735107307084,0.04590666507578042,0.0,0.0,0.0,0.0,1.0,,
obstacle_4.0,250962.0,0.002378846199823081,0.048715467225301595,0.0,0.0,0.0,0.0,1.0,,
obstacle_5.0,250962.0,0.0002271260190785856,0.015069019134291648,0.0,0.0,0.0,0.0,1.0,,
obstacle_6.0,250962.0,0.002060072839712785,0.04534134020333144,0.0,0.0,0.0,0.0,1.0,,
obstacle_7.0,250962.0,0.000510037376176473,0.022578291993682973,0.0,0.0,0.0,0.0,1.0,,
obstacle_8.0,250962.0,0.0020760115077183,0.04551604045841808,0.0,0.0,0.0,0.0,1.0,,
obstacle_9.0,250962.0,0.0007212247272495438,0.02684599474635792,0.0,0.0,0.0,0.0,1.0,,
obstacle_10.0,250962.0,0.00020321801707031344,0.014254035537441563,0.0,0.0,0.0,0.0,1.0,,
obstacle_11.0,250962.0,0.0002948653581020234,0.017169146371357788,0.0,0.0,0.0,0.0,1.0,,
obstacle_12.0,250962.0,0.001147584096397064,0.0338566347212749,0.0,0.0,0.0,0.0,1.0,,
obstacle_13.0,250962.0,0.0031000709270726247,0.05559202102662517,0.0,0.0,0.0,0.0,1.0,,
obstacle_14.0,250962.0,0.0011396147623943067,0.033739006749103885,0.0,0.0,0.0,0.0,1.0,,
obstacle_15.0,250962.0,0.0008925654083088276,0.029862556633957676,0.0,0.0,0.0,0.0,1.0,,
obstacle_16.0,250962.0,0.0006335620532192125,0.025162733859585777,0.0,0.0,0.0,0.0,1.0,,
obstacle_17.0,250962.0,0.00019524868306755605,0.013971805140048895,0.0,0.0,0.0,0.0,1.0,,
obstacle_movable_-1.0,250962.0,4.781600401654434e-05,0.006914760167121219,0.0,0.0,0.0,0.0,1.0,,
obstacle_movable_0.0,250962.0,0.028099871693722557,0.16525851786603865,0.0,0.0,0.0,0.0,1.0,,
obstacle_movable_1.0,250962.0,0.022306165873717934,0.14767764806527253,0.0,0.0,0.0,0.0,1.0,,
obstacle_movable_2.0,250962.0,0.09550449868904455,0.2939110981736003,0.0,0.0,0.0,0.0,1.0,,
obstacle_movable_4.0,250962.0,0.00012352467704273954,0.01111350128639787,0.0,0.0,0.0,0.0,1.0,,
obstacle_movable_5.0,250962.0,0.00011954001004136085,0.010932803688873734,0.0,0.0,0.0,0.0,1.0,,
obstacle_movable_6.0,250962.0,0.00041042070114200556,0.020254725145388182,0.0,0.0,0.0,0.0,1.0,,
obstacle_movable_9.0,250962.0,0.0018449008216383357,0.042912754518661105,0.0,0.0,0.0,0.0,1.0,,
initial_point_-1.0,250962.0,6.375467202205912e-05,0.007984413653475636,0.0,0.0,0.0,0.0,1.0,,
initial_point_0.0,250962.0,0.008431555374917318,0.091435756477845,0.0,0.0,0.0,0.0,1.0,,
initial_point_1.0,250962.0,0.05411974721272543,0.22625429090618623,0.0,0.0,0.0,0.0,1.0,,
initial_point_2.0,250962.0,0.019034754265586026,0.13664738123856035,0.0,0.0,0.0,0.0,1.0,,
initial_point_3.0,250962.0,0.022023254516620044,0.14675938334612765,0.0,0.0,0.0,0.0,1.0,,
initial_point_4.0,250962.0,0.015042117930204572,0.12172062953687293,0.0,0.0,0.0,0.0,1.0,,
initial_point_5.0,250962.0,0.004080299009411784,0.06374689295771858,0.0,0.0,0.0,0.0,1.0,,
initial_point_6.0,250962.0,0.005132251097775759,0.07145580061745628,0.0,0.0,0.0,0.0,1.0,,
initial_point_7.0,250962.0,0.008499294713940756,0.09179918454133947,0.0,0.0,0.0,0.0,1.0,,
initial_point_8.0,250962.0,0.009718602816362637,0.09810295573963321,0.0,0.0,0.0,0.0,1.0,,
initial_point_9.0,250962.0,0.0023111068607996428,0.04801848429118208,0.0,0.0,0.0,0.0,1.0,,
principal_maneuver_-1.0,250962.0,3.586200301240825e-05,0.005988393759826834,0.0,0.0,0.0,0.0,1.0,,
principal_maneuver_0.0,250962.0,0.008021134673775313,0.08920105255897798,0.0,0.0,0.0,0.0,1.0,,
principal_maneuver_1.0,250962.0,0.06285015261274615,0.24269372803425673,0.0,0.0,0.0,0.0,1.0,,
principal_maneuver_2.0,250962.0,0.016440736047688493,0.12716329140112392,0.0,0.0,0.0,0.0,1.0,,
principal_maneuver_3.0,250962.0,0.0013508021134673775,0.036728501499039785,0.0,0.0,0.0,0.0,1.0,,
principal_maneuver_4.0,250962.0,0.0010479674213625966,0.03235542237536206,0.0,0.0,0.0,0.0,1.0,,
principal_maneuver_5.0,250962.0,0.0015181581275252828,0.03893403862457497,0.0,0.0,0.0,0.0,1.0,,
principal_maneuver_6.0,250962.0,0.00020720268407169214,0.014393073910229155,0.0,0.0,0.0,0.0,1.0,,
principal_maneuver_7.0,250962.0,0.00038651269913373337,0.019656165612916384,0.0,0.0,0.0,0.0,1.0,,
principal_maneuver_8.0,250962.0,8.36780070289526e-05,0.009147203858147768,0.0,0.0,0.0,0.0,1.0,,
principal_maneuver_9.0,250962.0,0.004359225699508292,0.06588049897519542,0.0,0.0,0.0,0.0,1.0,,
principal_maneuver_10.0,250962.0,0.0010160900853515673,0.03186003281499945,0.0,0.0,0.0,0.0,1.0,,
principal_maneuver_11.0,250962.0,0.001577928132545963,0.03969187011185548,0.0,0.0,0.0,0.0,1.0,,
principal_maneuver_12.0,250962.0,0.0013667407814728922,0.036944258548446116,0.0,0.0,0.0,0.0,1.0,,
principal_maneuver_13.0,250962.0,0.006271865860170066,0.07894652869794799,0.0,0.0,0.0,0.0,1.0,,
principal_maneuver_14.0,250962.0,0.0031957029351057133,0.056440261436543675,0.0,0.0,0.0,0.0,1.0,,
principal_maneuver_15.0,250962.0,0.011902200333118161,0.10844623009751303,0.0,0.0,0.0,0.0,1.0,,
principal_maneuver_16.0,250962.0,0.003729648313290458,0.06095697534152565,0.0,0.0,0.0,0.0,1.0,,
principal_maneuver_17.0,250962.0,0.004777615734653055,0.06895512358683613,0.0,0.0,0.0,0.0,1.0,,
principal_maneuver_18.0,250962.0,0.0007252093942509225,0.0269199991311146,0.0,0.0,0.0,0.0,1.0,,
principal_maneuver_19.0,250962.0,0.003522445629218766,0.05924569176232402,0.0,0.0,0.0,0.0,1.0,,
principal_maneuver_20.0,250962.0,0.0009722587483364016,0.03116596431427727,0.0,0.0,0.0,0.0,1.0,,
principal_maneuver_21.0,250962.0,0.002438616204843761,0.04932219631428804,0.0,0.0,0.0,0.0,1.0,,
principal_maneuver_22.0,250962.0,0.00043432870315027774,0.02083606948631072,0.0,0.0,0.0,0.0,1.0,,
principal_maneuver_23.0,250962.0,0.0037734796503056237,0.06131276768353893,0.0,0.0,0.0,0.0,1.0,,
principal_maneuver_24.0,250962.0,0.0005658227141957747,0.0237803450816055,0.0,0.0,0.0,0.0,1.0,,
principal_maneuver_25.0,250962.0,0.0004144053681433843,0.020352770988833847,0.0,0.0,0.0,0.0,1.0,,
principal_maneuver_26.0,250962.0,0.005470947792892948,0.07376339338632526,0.0,0.0,0.0,0.0,1.0,,
Severity,,,,,,,,,int64,0.0
secu,,,,,,,,,float64,37257.0
YoB,,,,,,,,,int32,0.0
secu1,,,,,,,,,float64,213705.0
secu2,,,,,,,,,float64,213705.0
SecuA,,,,,,,,,float64,37257.0
SecuB,,,,,,,,,float64,37257.0
Security,,,,,,,,,int64,0.0
Num_Acc,,,,,,,,,int64,0.0
num_occupants,,,,,,,,,float64,213705.0
num_veh,,,,,,,,,object,213705.0
id_veh,,,,,,,,,object,0.0
year,,,,,,,,,int64,0.0
month,,,,,,,,,int64,0.0
day,,,,,,,,,int64,0.0
hhmm,,,,,,,,,int64,0.0
municipality,,,,,,,,,object,0.0
adress,,,,,,,,,object,34540.0
gps_origin,,,,,,,,,object,141268.0
latitude,,,,,,,,,object,106097.0
longitude,,,,,,,,,object,106097.0
date,,,,,,,,,datetime64[ns],0.0
day_of_week,,,,,,,,,int64,0.0
is_weekend,,,,,,,,,int32,0.0
Lanes,,,,,,,,,int32,0.0
Landmark,,,,,,,,,int32,0.0
Dist_to_Landmark,,,,,,,,,int32,0.0
Gre_Verge,,,,,,,,,int32,0.0
Rd_Width,,,,,,,,,int32,0.0
Age,,,,,,,,,int64,0.0
daylight_1,,,,,,,,,uint8,0.0
daylight_2,,,,,,,,,uint8,0.0
daylight_3,,,,,,,,,uint8,0.0
daylight_4,,,,,,,,,uint8,0.0
daylight_5,,,,,,,,,uint8,0.0
built-up_area_0,,,,,,,,,uint8,0.0
built-up_area_1,,,,,,,,,uint8,0.0
intersection_category_0,,,,,,,,,uint8,0.0
intersection_category_1,,,,,,,,,uint8,0.0
intersection_category_2,,,,,,,,,uint8,0.0
intersection_category_3,,,,,,,,,uint8,0.0
intersection_category_4,,,,,,,,,uint8,0.0
intersection_category_5,,,,,,,,,uint8,0.0
intersection_category_6,,,,,,,,,uint8,0.0
intersection_category_7,,,,,,,,,uint8,0.0
intersection_category_8,,,,,,,,,uint8,0.0
intersection_category_9,,,,,,,,,uint8,0.0
atmospheric_conditions_-1.0,,,,,,,,,uint8,0.0
atmospheric_conditions_1.0,,,,,,,,,uint8,0.0
atmospheric_conditions_2.0,,,,,,,,,uint8,0.0
atmospheric_conditions_3.0,,,,,,,,,uint8,0.0
atmospheric_conditions_4.0,,,,,,,,,uint8,0.0
atmospheric_conditions_5.0,,,,,,,,,uint8,0.0
atmospheric_conditions_6.0,,,,,,,,,uint8,0.0
atmospheric_conditions_7.0,,,,,,,,,uint8,0.0
atmospheric_conditions_8.0,,,,,,,,,uint8,0.0
atmospheric_conditions_9.0,,,,,,,,,uint8,0.0
collision_category_-1.0,,,,,,,,,uint8,0.0
collision_category_1.0,,,,,,,,,uint8,0.0
collision_category_2.0,,,,,,,,,uint8,0.0
collision_category_3.0,,,,,,,,,uint8,0.0
collision_category_4.0,,,,,,,,,uint8,0.0
collision_category_5.0,,,,,,,,,uint8,0.0
collision_category_6.0,,,,,,,,,uint8,0.0
collision_category_7.0,,,,,,,,,uint8,0.0
department_1,,,,,,,,,uint8,0.0
department_10,,,,,,,,,uint8,0.0
department_11,,,,,,,,,uint8,0.0
department_12,,,,,,,,,uint8,0.0
department_13,,,,,,,,,uint8,0.0
department_14,,,,,,,,,uint8,0.0
department_15,,,,,,,,,uint8,0.0
department_16,,,,,,,,,uint8,0.0
department_17,,,,,,,,,uint8,0.0
department_18,,,,,,,,,uint8,0.0
department_19,,,,,,,,,uint8,0.0
department_2,,,,,,,,,uint8,0.0
department_21,,,,,,,,,uint8,0.0
department_22,,,,,,,,,uint8,0.0
department_23,,,,,,,,,uint8,0.0
department_24,,,,,,,,,uint8,0.0
department_25,,,,,,,,,uint8,0.0
department_26,,,,,,,,,uint8,0.0
department_27,,,,,,,,,uint8,0.0
department_28,,,,,,,,,uint8,0.0
department_29,,,,,,,,,uint8,0.0
department_2A,,,,,,,,,uint8,0.0
department_2B,,,,,,,,,uint8,0.0
department_3,,,,,,,,,uint8,0.0
department_30,,,,,,,,,uint8,0.0
department_31,,,,,,,,,uint8,0.0
department_32,,,,,,,,,uint8,0.0
department_33,,,,,,,,,uint8,0.0
department_34,,,,,,,,,uint8,0.0
department_35,,,,,,,,,uint8,0.0
department_36,,,,,,,,,uint8,0.0
department_37,,,,,,,,,uint8,0.0
department_38,,,,,,,,,uint8,0.0
department_39,,,,,,,,,uint8,0.0
department_4,,,,,,,,,uint8,0.0
department_40,,,,,,,,,uint8,0.0
department_41,,,,,,,,,uint8,0.0
department_42,,,,,,,,,uint8,0.0
department_43,,,,,,,,,uint8,0.0
department_44,,,,,,,,,uint8,0.0
department_45,,,,,,,,,uint8,0.0
department_46,,,,,,,,,uint8,0.0
department_47,,,,,,,,,uint8,0.0
department_48,,,,,,,,,uint8,0.0
department_49,,,,,,,,,uint8,0.0
department_5,,,,,,,,,uint8,0.0
department_50,,,,,,,,,uint8,0.0
department_51,,,,,,,,,uint8,0.0
department_52,,,,,,,,,uint8,0.0
department_53,,,,,,,,,uint8,0.0
department_54,,,,,,,,,uint8,0.0
department_55,,,,,,,,,uint8,0.0
department_56,,,,,,,,,uint8,0.0
department_57,,,,,,,,,uint8,0.0
department_58,,,,,,,,,uint8,0.0
department_59,,,,,,,,,uint8,0.0
department_6,,,,,,,,,uint8,0.0
department_60,,,,,,,,,uint8,0.0
department_61,,,,,,,,,uint8,0.0
department_62,,,,,,,,,uint8,0.0
department_63,,,,,,,,,uint8,0.0
department_64,,,,,,,,,uint8,0.0
department_65,,,,,,,,,uint8,0.0
department_66,,,,,,,,,uint8,0.0
department_67,,,,,,,,,uint8,0.0
department_68,,,,,,,,,uint8,0.0
department_69,,,,,,,,,uint8,0.0
department_7,,,,,,,,,uint8,0.0
department_70,,,,,,,,,uint8,0.0
department_71,,,,,,,,,uint8,0.0
department_72,,,,,,,,,uint8,0.0
department_73,,,,,,,,,uint8,0.0
department_74,,,,,,,,,uint8,0.0
department_75,,,,,,,,,uint8,0.0
department_76,,,,,,,,,uint8,0.0
department_77,,,,,,,,,uint8,0.0
department_78,,,,,,,,,uint8,0.0
department_79,,,,,,,,,uint8,0.0
department_8,,,,,,,,,uint8,0.0
department_80,,,,,,,,,uint8,0.0
department_81,,,,,,,,,uint8,0.0
department_82,,,,,,,,,uint8,0.0
department_83,,,,,,,,,uint8,0.0
department_84,,,,,,,,,uint8,0.0
department_85,,,,,,,,,uint8,0.0
department_86,,,,,,,,,uint8,0.0
department_87,,,,,,,,,uint8,0.0
department_88,,,,,,,,,uint8,0.0
department_89,,,,,,,,,uint8,0.0
department_9,,,,,,,,,uint8,0.0
department_90,,,,,,,,,uint8,0.0
department_91,,,,,,,,,uint8,0.0
department_92,,,,,,,,,uint8,0.0
department_93,,,,,,,,,uint8,0.0
department_94,,,,,,,,,uint8,0.0
department_95,,,,,,,,,uint8,0.0
department_971,,,,,,,,,uint8,0.0
department_972,,,,,,,,,uint8,0.0
department_973,,,,,,,,,uint8,0.0
department_974,,,,,,,,,uint8,0.0
department_975,,,,,,,,,uint8,0.0
department_976,,,,,,,,,uint8,0.0
department_977,,,,,,,,,uint8,0.0
department_978,,,,,,,,,uint8,0.0
department_986,,,,,,,,,uint8,0.0
department_987,,,,,,,,,uint8,0.0
department_988,,,,,,,,,uint8,0.0
Rd_Cat_1,,,,,,,,,uint8,0.0
Rd_Cat_2,,,,,,,,,uint8,0.0
Rd_Cat_3,,,,,,,,,uint8,0.0
Rd_Cat_4,,,,,,,,,uint8,0.0
Rd_Cat_5,,,,,,,,,uint8,0.0
Rd_Cat_6,,,,,,,,,uint8,0.0
Rd_Cat_7,,,,,,,,,uint8,0.0
Rd_Cat_9,,,,,,,,,uint8,0.0
Traf_Direct_-1,,,,,,,,,uint8,0.0
Traf_Direct_0,,,,,,,,,uint8,0.0
Traf_Direct_1,,,,,,,,,uint8,0.0
Traf_Direct_2,,,,,,,,,uint8,0.0
Traf_Direct_3,,,,,,,,,uint8,0.0
Traf_Direct_4,,,,,,,,,uint8,0.0
Add_Lanes_-1,,,,,,,,,uint8,0.0
Add_Lanes_0,,,,,,,,,uint8,0.0
Add_Lanes_1,,,,,,,,,uint8,0.0
Add_Lanes_2,,,,,,,,,uint8,0.0
Add_Lanes_3,,,,,,,,,uint8,0.0
Rd_Prof_-1,,,,,,,,,uint8,0.0
Rd_Prof_0,,,,,,,,,uint8,0.0
Rd_Prof_1,,,,,,,,,uint8,0.0
Rd_Prof_2,,,,,,,,,uint8,0.0
Rd_Prof_3,,,,,,,,,uint8,0.0
Rd_Prof_4,,,,,,,,,uint8,0.0
Rd_Plan_-1,,,,,,,,,uint8,0.0
Rd_Plan_0,,,,,,,,,uint8,0.0
Rd_Plan_1,,,,,,,,,uint8,0.0
Rd_Plan_2,,,,,,,,,uint8,0.0
Rd_Plan_3,,,,,,,,,uint8,0.0
Rd_Plan_4,,,,,,,,,uint8,0.0
Rd_Cond_-1,,,,,,,,,uint8,0.0
Rd_Cond_0,,,,,,,,,uint8,0.0
Rd_Cond_1,,,,,,,,,uint8,0.0
Rd_Cond_2,,,,,,,,,uint8,0.0
Rd_Cond_3,,,,,,,,,uint8,0.0
Rd_Cond_4,,,,,,,,,uint8,0.0
Rd_Cond_5,,,,,,,,,uint8,0.0
Rd_Cond_6,,,,,,,,,uint8,0.0
Rd_Cond_7,,,,,,,,,uint8,0.0
Rd_Cond_8,,,,,,,,,uint8,0.0
Rd_Cond_9,,,,,,,,,uint8,0.0
Envinmt_-1,,,,,,,,,uint8,0.0
Envinmt_0,,,,,,,,,uint8,0.0
Envinmt_1,,,,,,,,,uint8,0.0
Envinmt_2,,,,,,,,,uint8,0.0
Envinmt_3,,,,,,,,,uint8,0.0
Envinmt_4,,,,,,,,,uint8,0.0
Envinmt_5,,,,,,,,,uint8,0.0
Envinmt_6,,,,,,,,,uint8,0.0
Envinmt_7,,,,,,,,,uint8,0.0
Envinmt_8,,,,,,,,,uint8,0.0
Envinmt_9,,,,,,,,,uint8,0.0
Pos_Acc_-1,,,,,,,,,uint8,0.0
Pos_Acc_0,,,,,,,,,uint8,0.0
Pos_Acc_1,,,,,,,,,uint8,0.0
Pos_Acc_2,,,,,,,,,uint8,0.0
Pos_Acc_3,,,,,,,,,uint8,0.0
Pos_Acc_4,,,,,,,,,uint8,0.0
Pos_Acc_5,,,,,,,,,uint8,0.0
Pos_Acc_6,,,,,,,,,uint8,0.0
Pos_Acc_8,,,,,,,,,uint8,0.0
place_0,,,,,,,,,uint8,0.0
place_1,,,,,,,,,uint8,0.0
place_2,,,,,,,,,uint8,0.0
place_3,,,,,,,,,uint8,0.0
place_4,,,,,,,,,uint8,0.0
place_5,,,,,,,,,uint8,0.0
place_6,,,,,,,,,uint8,0.0
place_7,,,,,,,,,uint8,0.0
place_8,,,,,,,,,uint8,0.0
place_9,,,,,,,,,uint8,0.0
place_10,,,,,,,,,uint8,0.0
User_category_1,,,,,,,,,uint8,0.0
User_category_2,,,,,,,,,uint8,0.0
User_category_3,,,,,,,,,uint8,0.0
User_category_4,,,,,,,,,uint8,0.0
Sex_1,,,,,,,,,uint8,0.0
Sex_2,,,,,,,,,uint8,0.0
Trajectory_0,,,,,,,,,uint8,0.0
Trajectory_1,,,,,,,,,uint8,0.0
Trajectory_2,,,,,,,,,uint8,0.0
Trajectory_3,,,,,,,,,uint8,0.0
Trajectory_4,,,,,,,,,uint8,0.0
Trajectory_5,,,,,,,,,uint8,0.0
Trajectory_9,,,,,,,,,uint8,0.0
LOCP_0,,,,,,,,,uint8,0.0
LOCP_1,,,,,,,,,uint8,0.0
LOCP_2,,,,,,,,,uint8,0.0
LOCP_3,,,,,,,,,uint8,0.0
LOCP_4,,,,,,,,,uint8,0.0
LOCP_5,,,,,,,,,uint8,0.0
LOCP_6,,,,,,,,,uint8,0.0
LOCP_7,,,,,,,,,uint8,0.0
LOCP_8,,,,,,,,,uint8,0.0
LOCP_9,,,,,,,,,uint8,0.0
ACTP_0,,,,,,,,,uint8,0.0
ACTP_1,,,,,,,,,uint8,0.0
ACTP_2,,,,,,,,,uint8,0.0
ACTP_3,,,,,,,,,uint8,0.0
ACTP_4,,,,,,,,,uint8,0.0
ACTP_5,,,,,,,,,uint8,0.0
ACTP_6,,,,,,,,,uint8,0.0
ACTP_7,,,,,,,,,uint8,0.0
ACTP_8,,,,,,,,,uint8,0.0
ACTP_9,,,,,,,,,uint8,0.0
StateP_0,,,,,,,,,uint8,0.0
StateP_1,,,,,,,,,uint8,0.0
StateP_2,,,,,,,,,uint8,0.0
StateP_3,,,,,,,,,uint8,0.0
direction_-1.0,,,,,,,,,uint8,0.0
direction_0.0,,,,,,,,,uint8,0.0
direction_1.0,,,,,,,,,uint8,0.0
direction_2.0,,,,,,,,,uint8,0.0
direction_3.0,,,,,,,,,uint8,0.0
cat_veh_-1.0,,,,,,,,,uint8,0.0
cat_veh_0.0,,,,,,,,,uint8,0.0
cat_veh_1.0,,,,,,,,,uint8,0.0
cat_veh_2.0,,,,,,,,,uint8,0.0
cat_veh_3.0,,,,,,,,,uint8,0.0
cat_veh_7.0,,,,,,,,,uint8,0.0
cat_veh_10.0,,,,,,,,,uint8,0.0
cat_veh_13.0,,,,,,,,,uint8,0.0
cat_veh_14.0,,,,,,,,,uint8,0.0
cat_veh_15.0,,,,,,,,,uint8,0.0
cat_veh_16.0,,,,,,,,,uint8,0.0
cat_veh_17.0,,,,,,,,,uint8,0.0
cat_veh_20.0,,,,,,,,,uint8,0.0
cat_veh_21.0,,,,,,,,,uint8,0.0
cat_veh_30.0,,,,,,,,,uint8,0.0
cat_veh_31.0,,,,,,,,,uint8,0.0
cat_veh_32.0,,,,,,,,,uint8,0.0
cat_veh_33.0,,,,,,,,,uint8,0.0
cat_veh_34.0,,,,,,,,,uint8,0.0
cat_veh_35.0,,,,,,,,,uint8,0.0
cat_veh_36.0,,,,,,,,,uint8,0.0
cat_veh_37.0,,,,,,,,,uint8,0.0
cat_veh_38.0,,,,,,,,,uint8,0.0
cat_veh_39.0,,,,,,,,,uint8,0.0
cat_veh_40.0,,,,,,,,,uint8,0.0
cat_veh_41.0,,,,,,,,,uint8,0.0
cat_veh_42.0,,,,,,,,,uint8,0.0
cat_veh_43.0,,,,,,,,,uint8,0.0
cat_veh_50.0,,,,,,,,,uint8,0.0
cat_veh_60.0,,,,,,,,,uint8,0.0
cat_veh_80.0,,,,,,,,,uint8,0.0
cat_veh_99.0,,,,,,,,,uint8,0.0
obstacle_-1.0,,,,,,,,,uint8,0.0
obstacle_0.0,,,,,,,,,uint8,0.0
obstacle_1.0,,,,,,,,,uint8,0.0
obstacle_2.0,,,,,,,,,uint8,0.0
obstacle_3.0,,,,,,,,,uint8,0.0
obstacle_4.0,,,,,,,,,uint8,0.0
obstacle_5.0,,,,,,,,,uint8,0.0
obstacle_6.0,,,,,,,,,uint8,0.0
obstacle_7.0,,,,,,,,,uint8,0.0
obstacle_8.0,,,,,,,,,uint8,0.0
obstacle_9.0,,,,,,,,,uint8,0.0
obstacle_10.0,,,,,,,,,uint8,0.0
obstacle_11.0,,,,,,,,,uint8,0.0
obstacle_12.0,,,,,,,,,uint8,0.0
obstacle_13.0,,,,,,,,,uint8,0.0
obstacle_14.0,,,,,,,,,uint8,0.0
obstacle_15.0,,,,,,,,,uint8,0.0
obstacle_16.0,,,,,,,,,uint8,0.0
obstacle_17.0,,,,,,,,,uint8,0.0
obstacle_movable_-1.0,,,,,,,,,uint8,0.0
obstacle_movable_0.0,,,,,,,,,uint8,0.0
obstacle_movable_1.0,,,,,,,,,uint8,0.0
obstacle_movable_2.0,,,,,,,,,uint8,0.0
obstacle_movable_4.0,,,,,,,,,uint8,0.0
obstacle_movable_5.0,,,,,,,,,uint8,0.0
obstacle_movable_6.0,,,,,,,,,uint8,0.0
obstacle_movable_9.0,,,,,,,,,uint8,0.0
initial_point_-1.0,,,,,,,,,uint8,0.0
initial_point_0.0,,,,,,,,,uint8,0.0
initial_point_1.0,,,,,,,,,uint8,0.0
initial_point_2.0,,,,,,,,,uint8,0.0
initial_point_3.0,,,,,,,,,uint8,0.0
initial_point_4.0,,,,,,,,,uint8,0.0
initial_point_5.0,,,,,,,,,uint8,0.0
initial_point_6.0,,,,,,,,,uint8,0.0
initial_point_7.0,,,,,,,,,uint8,0.0
initial_point_8.0,,,,,,,,,uint8,0.0
initial_point_9.0,,,,,,,,,uint8,0.0
principal_maneuver_-1.0,,,,,,,,,uint8,0.0
principal_maneuver_0.0,,,,,,,,,uint8,0.0
principal_maneuver_1.0,,,,,,,,,uint8,0.0
principal_maneuver_2.0,,,,,,,,,uint8,0.0
principal_maneuver_3.0,,,,,,,,,uint8,0.0
principal_maneuver_4.0,,,,,,,,,uint8,0.0
principal_maneuver_5.0,,,,,,,,,uint8,0.0
principal_maneuver_6.0,,,,,,,,,uint8,0.0
principal_maneuver_7.0,,,,,,,,,uint8,0.0
principal_maneuver_8.0,,,,,,,,,uint8,0.0
principal_maneuver_9.0,,,,,,,,,uint8,0.0
principal_maneuver_10.0,,,,,,,,,uint8,0.0
principal_maneuver_11.0,,,,,,,,,uint8,0.0
principal_maneuver_12.0,,,,,,,,,uint8,0.0
principal_maneuver_13.0,,,,,,,,,uint8,0.0
principal_maneuver_14.0,,,,,,,,,uint8,0.0
principal_maneuver_15.0,,,,,,,,,uint8,0.0
principal_maneuver_16.0,,,,,,,,,uint8,0.0
principal_maneuver_17.0,,,,,,,,,uint8,0.0
principal_maneuver_18.0,,,,,,,,,uint8,0.0
principal_maneuver_19.0,,,,,,,,,uint8,0.0
principal_maneuver_20.0,,,,,,,,,uint8,0.0
principal_maneuver_21.0,,,,,,,,,uint8,0.0
principal_maneuver_22.0,,,,,,,,,uint8,0.0
principal_maneuver_23.0,,,,,,,,,uint8,0.0
principal_maneuver_24.0,,,,,,,,,uint8,0.0
principal_maneuver_25.0,,,,,,,,,uint8,0.0
principal_maneuver_26.0,,,,,,,,,uint8,0.0
